parcel_id,address,district,zone_label,category,fits_type,fits_units,acres,sqft
08214000240000,1396 N 2200 W,M-1,Light Manufacturing,D,none,0,15.068,656354
08223510140000,1403 N GENERAL DR,R-1-7000,Single Family Residential,D,none,0,0.184,8018
08223510150000,1397 N GENERAL DR,R-1-7000,Single Family Residential,D,none,0,0.184,8014
08223510160000,1389 N GENERAL DR,R-1-7000,Single Family Residential,D,none,0,0.184,8010
08223510170000,1383 N GENERAL DR,R-1-7000,Single Family Residential,D,none,0,0.184,8006
08223510180000,1375 N GENERAL DR,R-1-7000,Single Family Residential,D,none,0,0.186,8110
08223510190000,1367 N GENERAL DR,R-1-7000,Single Family Residential,D,none,0,0.204,8903
08223510200000,1359 N GENERAL DR,R-1-7000,Single Family Residential,B,single_family,2,0.244,10607
08223510210000,1349 N SIR PHILIP DR,R-1-7000,Single Family Residential,D,none,0,0.204,8887
08223520090000,1402 N GENERAL DR,R-1-7000,Single Family Residential,D,none,0,0.161,7000
08223520100000,1394 N GENERAL DR,R-1-7000,Single Family Residential,D,none,0,0.161,7000
08223520110000,1390 N GENERAL DR,R-1-7000,Single Family Residential,D,none,0,0.161,7000
08223520120000,1386 N GENERAL DR,R-1-7000,Single Family Residential,D,none,0,0.161,7000
08223520130000,1370 N GENERAL DR,R-1-7000,Single Family Residential,B,single_family,2,0.21,9147
08223520140000,1364 N GENERAL DR,R-1-7000,Single Family Residential,D,none,0,0.183,7961
08223520150000,1354 N GENERAL DR,R-1-7000,Single Family Residential,D,none,0,0.179,7804
08223520160000,1346 N GENERAL DR,R-1-7000,Single Family Residential,D,none,0,0.181,7881
08223520270000,1395 N MORTON DR,R-1-7000,Single Family Residential,D,none,0,0.172,7476
08223520280000,1393 N MORTON DR,R-1-7000,Single Family Residential,D,none,0,0.172,7474
08223520290000,1391 N MORTON DR,R-1-7000,Single Family Residential,D,none,0,0.153,6661
08223520300000,1389 N MORTON DR,R-1-7000,Single Family Residential,D,none,0,0.194,8452
08223520310000,1387 N MORTON DR,R-1-7000,Single Family Residential,D,none,0,0.192,8360
08223520320000,1961 W MORTON DR,R-1-7000,Single Family Residential,D,none,0,0.194,8437
08223520330000,1953 W MORTON DR,R-1-7000,Single Family Residential,D,none,0,0.192,8373
08223520340000,1945 W MORTON DR,R-1-7000,Single Family Residential,D,none,0,0.169,7342
08223520350000,1937 W MORTON DR,R-1-7000,Single Family Residential,D,none,0,0.168,7322
08223520360000,1927 W MORTON DR,R-1-7000,Single Family Residential,D,none,0,0.168,7302
08223520370000,1915 W MORTON DR,R-1-7000,Single Family Residential,D,none,0,0.194,8464
08223520380000,1397 N MORTON DR,R-1-7000,Single Family Residential,A,single_family,2,0.343,14957
08223540050000,1932 W SPRINGFIELD RD,R-1-7000,Single Family Residential,B,single_family,2,0.233,10139
08223540060000,1928 W SPRINGFIELD RD,R-1-7000,Single Family Residential,B,single_family,2,0.208,9075
08223540140000,1395 N MANDALAY RD,R-1-7000,Single Family Residential,D,none,0,0.202,8791
08223540160000,1916 W SPRINGFIELD RD,R-1-7000,Single Family Residential,B,single_family,2,0.213,9278
08223550010000,1396 N MORTON DR,R-1-7000,Single Family Residential,B,single_family,2,0.212,9221
08223550020000,1941 W SPRINGFIELD RD,R-1-7000,Single Family Residential,D,none,0,0.194,8465
08223550030000,1937 W SPRINGFIELD RD,R-1-7000,Single Family Residential,B,single_family,2,0.233,10147
08223550040000,1935 W SPRINGFIELD RD,R-1-7000,Single Family Residential,B,single_family,2,0.215,9387
08223550050000,1923 W SPRINGFIELD RD,R-1-7000,Single Family Residential,D,none,0,0.187,8151
08223550060000,1915 W SPRINGFIELD RD,R-1-7000,Single Family Residential,D,none,0,0.193,8417
08223550070000,1394 N MORTON DR,R-1-7000,Single Family Residential,B,single_family,2,0.213,9297
08223550080000,1390 N MORTON DR,R-1-7000,Single Family Residential,B,single_family,2,0.244,10619
08223550090000,1950 W MORTON DR,R-1-7000,Single Family Residential,B,single_family,2,0.214,9326
08223550100000,1938 W MORTON DR,R-1-7000,Single Family Residential,D,none,0,0.191,8323
08223550110000,1926 W MORTON DR,R-1-7000,Single Family Residential,D,none,0,0.191,8322
08223550120000,1914 W MORTON DR,R-1-7000,Single Family Residential,D,none,0,0.198,8627
08223580010000,1889 W NEW YORK DR,R-1-7000,Single Family Residential,D,none,0,0.197,8582
08223580020000,1879 W NEW YORK DR,R-1-7000,Single Family Residential,D,none,0,0.169,7343
08223580030000,1871 W NEW YORK DR,R-1-7000,Single Family Residential,D,none,0,0.169,7343
08223580040000,1863 W NEW YORK DR,R-1-7000,Single Family Residential,D,none,0,0.169,7343
08223580050000,1855 W NEW YORK DR,R-1-7000,Single Family Residential,D,none,0,0.169,7343
08223580060000,1847 W NEW YORK DR,R-1-7000,Single Family Residential,D,none,0,0.169,7343
08223580070000,1839 W NEW YORK DR,R-1-7000,Single Family Residential,D,none,0,0.169,7343
08223580080000,1831 W NEW YORK DR,R-1-7000,Single Family Residential,D,none,0,0.169,7343
08223580090000,1823 W NEW YORK DR,R-1-7000,Single Family Residential,D,none,0,0.169,7343
08223580100000,1815 W NEW YORK DR,R-1-7000,Single Family Residential,D,none,0,0.169,7343
08223580110000,1807 W NEW YORK DR,R-1-7000,Single Family Residential,D,none,0,0.169,7343
08223580120000,1799 W NEW YORK DR,R-1-7000,Single Family Residential,D,none,0,0.169,7343
08223580130000,1789 W NEW YORK DR,R-1-7000,Single Family Residential,D,none,0,0.181,7867
08223580140000,1894 W SPRINGFIELD RD,R-1-7000,Single Family Residential,D,none,0,0.172,7484
08223580150000,1888 W SPRINGFIELD RD,R-1-7000,Single Family Residential,D,none,0,0.159,6942
08223580160000,1876 W SPRINGFIELD RD,R-1-7000,Single Family Residential,D,none,0,0.159,6942
08223580170000,1868 W SPRINGFIELD RD,R-1-7000,Single Family Residential,D,none,0,0.159,6942
08223580180000,1860 W SPRINGFIELD RD,R-1-7000,Single Family Residential,D,none,0,0.159,6942
08223580190000,1854 W SPRINGFIELD RD,R-1-7000,Single Family Residential,D,none,0,0.159,6942
08223580200000,1842 W SPRINGFIELD RD,R-1-7000,Single Family Residential,D,none,0,0.159,6942
08223580210000,1830 W SPRINGFIELD RD,R-1-7000,Single Family Residential,D,none,0,0.159,6942
08223580220000,1822 W SPRINGFIELD RD,R-1-7000,Single Family Residential,D,none,0,0.161,7034
08223580230000,1812 W SPRINGFIELD RD,R-1-7000,Single Family Residential,D,none,0,0.161,7034
08223580240000,1804 W SPRINGFIELD RD,R-1-7000,Single Family Residential,D,none,0,0.161,7034
08223580250000,1794 W SPRINGFIELD RD,R-1-7000,Single Family Residential,D,none,0,0.171,7458
08223590010000,1895 W SPRINGFIELD RD,R-1-7000,Single Family Residential,D,none,0,0.178,7736
08223590020000,1889 W SPRINGFIELD RD,R-1-7000,Single Family Residential,D,none,0,0.166,7219
08223590030000,1877 W SPRINGFIELD RD,R-1-7000,Single Family Residential,D,none,0,0.166,7219
08223590040000,1869 W SPRINGFIELD RD,R-1-7000,Single Family Residential,D,none,0,0.166,7219
08223590050000,1861 W SPRINGFIELD RD,R-1-7000,Single Family Residential,D,none,0,0.166,7219
08223590060000,1855 W SPRINGFIELD RD,R-1-7000,Single Family Residential,D,none,0,0.166,7219
08223590070000,1841 W SPRINGFIELD RD,R-1-7000,Single Family Residential,D,none,0,0.166,7219
08223590080000,1829 W SPRINGFIELD RD,R-1-7000,Single Family Residential,D,none,0,0.177,7694
08223590090000,1821 W SPRINGFIELD RD,R-1-7000,Single Family Residential,D,none,0,0.19,8264
08223590100000,1811 W SPRINGFIELD RD,R-1-7000,Single Family Residential,D,none,0,0.184,8010
08223590110000,1362 N MANDALAY RD,R-1-7000,Single Family Residential,D,none,0,0.189,8246
08223590120000,1888 W MORTON DR,R-1-7000,Single Family Residential,D,none,0,0.177,7713
08223590130000,1876 W MORTON DR,R-1-7000,Single Family Residential,D,none,0,0.176,7686
08223590140000,1868 W MORTON DR,R-1-7000,Single Family Residential,D,none,0,0.176,7660
08223590150000,1860 W MORTON DR,R-1-7000,Single Family Residential,D,none,0,0.175,7633
08223590160000,1854 W MORTON DR,R-1-7000,Single Family Residential,D,none,0,0.174,7597
08223590170000,1842 W MORTON DR,R-1-7000,Single Family Residential,D,none,0,0.16,6961
08223590180000,1836 W MORTON DR,R-1-7000,Single Family Residential,D,none,0,0.184,8007
08223590190000,1830 W MORTON DR,R-1-7000,Single Family Residential,B,single_family,2,0.225,9801
08223590200000,1799 W SPRINGFIELD RD,R-1-7000,Single Family Residential,B,single_family,2,0.208,9050
08223590210000,1371 N MIAMI RD,R-1-7000,Single Family Residential,D,none,0,0.203,8853
08223590220000,1355 N MIAMI RD,R-1-7000,Single Family Residential,B,single_family,2,0.255,11098
08223590230000,1824 W MORTON DR,R-1-7000,Single Family Residential,B,single_family,2,0.272,11851
08223600010000,1895 W MORTON DR,R-1-7000,Single Family Residential,D,none,0,0.199,8648
08223600020000,1885 W MORTON DR,R-1-7000,Single Family Residential,D,none,0,0.187,8139
08223600030000,1875 W MORTON DR,R-1-7000,Single Family Residential,D,none,0,0.187,8139
08223600040000,1865 W MORTON DR,R-1-7000,Single Family Residential,D,none,0,0.187,8139
08223600050000,1857 W MORTON DR,R-1-7000,Single Family Residential,D,none,0,0.194,8465
08223810090000,1394 N MIAMI RD,R-1-7000,Single Family Residential,D,none,0,0.167,7260
08223810170000,1403 N BLOOMFIELD PL,R-1-7000,Single Family Residential,B,single_family,2,0.269,11701
08223810250000,1402 N BARONESS PL,R-1-7000,Single Family Residential,A,single_family,2,0.325,14149
08223810260000,1753 W BARONESS PL,R-1-7000,Single Family Residential,B,single_family,2,0.269,11695
08223810270000,1745 W BARONESS PL,R-1-7000,Single Family Residential,D,none,0,0.171,7450
08223810280000,1737 W BARONESS PL,R-1-7000,Single Family Residential,D,none,0,0.177,7711
08223810290000,1729 W BARONESS PL,R-1-7000,Single Family Residential,D,none,0,0.169,7363
08223810300000,1721 W BARONESS PL,R-1-7000,Single Family Residential,B,single_family,2,0.255,11098
08223810320000,1389 N REDWOOD RD,R-1-5000,Single Family Residential,B,single_family,2,0.24,10434
08223810490000,1388 N MIAMI RD,R-1-7000,Single Family Residential,D,none,0,0.144,6277
08223810500000,1382 N MIAMI RD,R-1-7000,Single Family Residential,D,none,0,0.116,5040
08223810510000,1378 N MIAMI RD,R-1-7000,Single Family Residential,D,none,0,0.116,5062
08223810520000,1770 W MIAMI CIR,R-1-7000,Single Family Residential,D,none,0,0.136,5911
08223810530000,1379 N MIAMI CIR,R-1-7000,Single Family Residential,D,none,0,0.156,6786
08223810540000,1377 N MIAMI CIR,R-1-7000,Single Family Residential,D,none,0,0.117,5091
08223810550000,1373 N MIAMI CIR,R-1-7000,Single Family Residential,D,none,0,0.163,7097
08223810560000,1381 N MIAMI CIR,R-1-7000,Single Family Residential,D,none,0,0.125,5463
08223810570000,1380 N MIAMI CIR,R-1-7000,Single Family Residential,D,none,0,0.192,8349
08223810580000,1378 N MIAMI CIR,R-1-7000,Single Family Residential,D,none,0,0.122,5329
08223810590000,1374 N MIAMI CIR,R-1-7000,Single Family Residential,D,none,0,0.134,5816
08223810600000,1370 N MIAMI CIR,R-1-7000,Single Family Residential,D,none,0,0.155,6773
08223810610000,1352 N MIAMI RD,R-1-7000,Single Family Residential,D,none,0,0.134,5835
08223810620000,1356 N MIAMI RD,R-1-7000,Single Family Residential,D,none,0,0.11,4793
08223810630000,1362 N MIAMI RD,R-1-7000,Single Family Residential,D,none,0,0.102,4447
08223810640000,1366 N MIAMI RD,R-1-7000,Single Family Residential,D,none,0,0.111,4819
08223810650000,1769 W MIAMI CIR,R-1-7000,Single Family Residential,D,none,0,0.114,4961
08223810680000,1743 W MIAMI CIR,R-1-7000,Single Family Residential,D,none,0,0.123,5348
08223810690000,1735 W MIAMI CIR,R-1-7000,Single Family Residential,D,none,0,0.177,7702
08223810700000,1761 W MIAMI CIR,R-1-7000,Single Family Residential,D,none,0,0.108,4716
08223810710000,1751 W MIAMI CIR,R-1-7000,Single Family Residential,D,none,0,0.108,4704
08223810760000,1357 N REDWOOD RD,RMF-30,Low Density Multifamily Residential,UNKNOWN,none,0,1.117,48671
08223810770000,1726 W JOUST CT,R-1-5000,Single Family Residential,B,single_family,2,0.237,10326
08223810780000,1722 W JOUST CT,R-1-5000,Single Family Residential,D,none,0,0.154,6728
08223810790000,1718 W JOUST CT,R-1-5000,Single Family Residential,D,none,0,0.118,5130
08223810800000,1714 W JOUST CT,R-1-5000,Single Family Residential,D,none,0,0.118,5149
08223810810000,1710 W JOUST CT,R-1-5000,Single Family Residential,D,none,0,0.17,7426
08223810820000,1730 W JOUST CT,R-1-5000,Single Family Residential,D,none,0,0.125,5423
08223810830000,1729 W JOUST CT,R-1-5000,Single Family Residential,D,none,0,0.133,5805
08223810840000,1725 W JOUST CT,R-1-5000,Single Family Residential,D,none,0,0.205,8926
08223810850000,1721 W JOUST CT,R-1-5000,Single Family Residential,D,none,0,0.124,5386
08223810860000,1717 W JOUST CT,R-1-5000,Single Family Residential,D,none,0,0.114,4977
08223810870000,1713 W JOUST CT,R-1-5000,Single Family Residential,D,none,0,0.149,6505
08223810880000,1709 W JOUST CT,R-1-5000,Single Family Residential,B,single_family,2,0.251,10927
08224510040000,1386 N REDWOOD RD,OS,Open Space,D,none,0,11.598,505187
08224510050000,1386 N REDWOOD RD,OS,Open Space,D,none,0,6.459,281333
08224520020000,1534 W SUNSET DR,R-1-7000,Single Family Residential,B,single_family,2,0.216,9414
08224520030000,1524 W SUNSET DR,R-1-7000,Single Family Residential,B,single_family,2,0.22,9569
08224520040000,1514 W SUNSET DR,R-1-7000,Single Family Residential,B,single_family,2,0.22,9571
08224520050000,1385 N 1500 W,R-1-7000,Single Family Residential,D,none,0,0.206,8974
08224520070000,1386 N REDWOOD RD,OS,Open Space,D,none,0,0.072,3133
08224520080000,1548 W SUNSET DR,R-1-7000,Single Family Residential,B,single_family,2,0.259,11280
08224760020000,1386 N REDWOOD RD,OS,Open Space,D,none,0,33.593,1463325
08224770010000,1384 N 1500 W,R-1-7000,Single Family Residential,D,none,0,0.205,8947
08224770020000,1462 W SUNSET DR,R-1-7000,Single Family Residential,D,none,0,0.205,8948
08224770030000,1452 W SUNSET DR,R-1-7000,Single Family Residential,D,none,0,0.205,8949
08224770040000,1444 W SUNSET DR,R-1-7000,Single Family Residential,D,none,0,0.205,8951
08224770050000,1436 W SUNSET DR,R-1-7000,Single Family Residential,D,none,0,0.206,8952
08224770060000,1428 W SUNSET DR,R-1-7000,Single Family Residential,D,none,0,0.206,8953
08224770070000,1420 W SUNSET DR,R-1-7000,Single Family Residential,D,none,0,0.206,8956
08224770080000,1412 W SUNSET DR,R-1-7000,Single Family Residential,D,none,0,0.206,8956
08224770090000,1404 W SUNSET DR,R-1-7000,Single Family Residential,D,none,0,0.206,8958
08224770100000,1396 W SUNSET DR,R-1-7000,Single Family Residential,D,none,0,0.178,7736
08224770110000,1388 W SUNSET DR,R-1-7000,Single Family Residential,D,none,0,0.178,7761
08224770120000,1380 W SUNSET DR,R-1-7000,Single Family Residential,D,none,0,0.206,8973
08224770130000,1372 W SUNSET DR,R-1-7000,Single Family Residential,D,none,0,0.206,8963
08224770140000,1364 W SUNSET DR,R-1-7000,Single Family Residential,D,none,0,0.178,7765
08224770150000,1358 W SUNSET DR,R-1-7000,Single Family Residential,D,none,0,0.207,8995
08224770160000,1350 W SUNSET DR,R-1-7000,Single Family Residential,D,none,0,0.154,6717
08224770170000,1344 W SUNSET DR,R-1-7000,Single Family Residential,D,none,0,0.207,8998
08224770180000,1336 W SUNSET DR,R-1-7000,Single Family Residential,B,single_family,2,0.211,9190
08233510010000,1589 N 1200 W,OS,Open Space,D,none,0,13.926,606598
08233510030000,1386 N REDWOOD RD,OS,Open Space,D,none,0,12.736,554800
08233510040000,1385 N 1200 W,OS,Open Space,D,none,0,3.017,131410
08233520010000,1328 W SUNSET DR,R-1-7000,Single Family Residential,B,single_family,2,0.207,9000
08233520020000,1320 W SUNSET DR,R-1-7000,Single Family Residential,B,single_family,2,0.215,9345
08233520030000,1312 W SUNSET DR,R-1-7000,Single Family Residential,D,none,0,0.207,8999
08233520040000,1304 W SUNSET DR,R-1-7000,Single Family Residential,D,none,0,0.207,8999
08233520050000,1296 W SUNSET DR,R-1-7000,Single Family Residential,B,single_family,2,0.207,9000
08233520060000,1288 W SUNSET DR,R-1-7000,Single Family Residential,B,single_family,2,0.207,9030
08233520070000,1280 W SUNSET DR,R-1-7000,Single Family Residential,B,single_family,2,0.213,9298
08233520080000,1272 W SUNSET DR,R-1-7000,Single Family Residential,B,single_family,2,0.23,10012
08233520090000,1262 W SUNSET DR,R-1-7000,Single Family Residential,B,single_family,2,0.245,10685
08233520100000,1252 W SUNSET DR,R-1-7000,Single Family Residential,B,single_family,2,0.216,9425
08233530050000,1400 N 1200 W,OS,Open Space,D,none,0,0.166,7217
08233530060000,1380 N 1200 W,OS,Open Space,D,none,0,0.336,14616
08233530070000,1400 N 1200 W,OS,Open Space,D,none,0,0.166,7234
08233530110000,1400 N 1200 W,OS,Open Space,D,none,0,1.759,76621
08233780010000,1400 N 1200 W,OS,Open Space,D,none,0,0.321,14000
08233780020000,1434 N 1200 W # NFF2,OS,Open Space,D,none,0,1.377,60000
08233790010000,1434 N 1200 W # NFF3,OS,Open Space,D,none,0,0.387,16857
08233790020000,1444 N 1200 W,OS,Open Space,D,none,0,0.302,13168
08233800010000,1400 N 1200 W # NFF1,OS,Open Space,D,none,0,0.976,42500
08233810010000,1400 N 1200 W,OS,Open Space,D,none,0,0.804,35000
08233820040000,1400 N 1200 W # NFF3,OS,Open Space,D,none,0,1.148,50000
08233830010000,1400 N 1200 W,OS,Open Space,D,none,0,1.02,44443
08234510010000,1398 N 1200 W,OS,Open Space,D,none,0,0.081,3546
08234510020000,1398 N 1200 W,OS,Open Space,D,none,0,0.191,8313
08234530130000,935 W EVERETT AVE,M-2,Heavy Manufacturing,D,none,0,1.574,68561
08234540010000,915 W 1500 N,M-2,Heavy Manufacturing,D,none,0,0.287,12504
08234540020000,1487 N 900 W,M-2,Heavy Manufacturing,D,none,0,0.143,6250
08234540030000,1461 N 900 W,M-2,Heavy Manufacturing,D,none,0,0.029,1249
08234540040000,1459 N 900 W,M-2,Heavy Manufacturing,D,none,0,0.115,4998
08234540060000,929 W 1500 N,M-2,Heavy Manufacturing,D,none,0,0.226,9823
08234540070000,912 W EVERETT AVE,M-2,Heavy Manufacturing,D,none,0,0.282,12276
08234560010000,885 W 1500 N,M-2,Heavy Manufacturing,D,none,0,0.215,9384
08234560020000,881 W 1500 N,M-2,Heavy Manufacturing,D,none,0,0.215,9381
08234560030000,871 W 1500 N,M-2,Heavy Manufacturing,D,none,0,0.144,6252
08234560050000,859 W 1500 N,M-2,Heavy Manufacturing,D,none,0,0.143,6249
08234560060000,853 W 1500 N,M-2,Heavy Manufacturing,D,none,0,0.143,6248
08234560070000,894 W EVERETT AVE,M-2,Heavy Manufacturing,D,none,0,0.144,6251
08234560080000,888 W EVERETT AVE,M-2,Heavy Manufacturing,D,none,0,0.072,3125
08234560090000,882 W EVERETT AVE,M-2,Heavy Manufacturing,D,none,0,0.072,3125
08234560100000,878 W EVERETT AVE,M-2,Heavy Manufacturing,D,none,0,0.144,6251
08234560110000,870 W EVERETT AVE,M-2,Heavy Manufacturing,D,none,0,0.144,6251
08234560140000,854 W EVERETT AVE,M-2,Heavy Manufacturing,D,none,0,0.144,6251
08234560150000,871 W 1500 N,M-2,Heavy Manufacturing,D,none,0,0.037,1624
08234560160000,865 W 1500 N,M-2,Heavy Manufacturing,D,none,0,0.106,4626
08234560170000,862 W EVERETT AVE,M-2,Heavy Manufacturing,D,none,0,0.287,12502
08234570010000,895 W EVERETT AVE,M-2,Heavy Manufacturing,D,none,0,0.116,5047
08234570030000,875 W EVERETT AVE,M-2,Heavy Manufacturing,D,none,0,0.303,13200
08234570070000,,M-2,Heavy Manufacturing,D,none,0,0.017,748
08234570140000,909 W EVERETT AVE,M-2,Heavy Manufacturing,D,none,0,0.428,18665
08234570150000,474 W 900 N,M-2,Heavy Manufacturing,D,none,0,14.282,622116
08234570160000,887 W EVERETT AVE,M-2,Heavy Manufacturing,D,none,0,0.138,6000
08234570170000,889 W EVERETT AVE,M-2,Heavy Manufacturing,D,none,0,0.006,249
08234780240000,805 W EVERETT AVE,M-2,Heavy Manufacturing,D,none,0,10.045,437570
08234810100000,1445 N BECK ST,M-1,Light Manufacturing,D,none,0,0.667,29034
08234810170000,699 W EVERETT AVE,M-2,Heavy Manufacturing,D,none,0,0.117,5114
08234830040000,1482 N HOT SPRINGS ST,M-1,Light Manufacturing,D,none,0,0.123,5354
08234830050000,1483 N BECK ST,M-1,Light Manufacturing,D,none,0,1.13,49230
08234830070000,1461 N BECK ST,M-1,Light Manufacturing,D,none,0,0.506,22042
08235010060000,,M-2,Heavy Manufacturing,D,none,0,6.07,264426
08235030120000,,M-2,Heavy Manufacturing,D,none,0,11.322,493181
08243000080000,1441 N BECK ST,M-1,Light Manufacturing,D,none,0,4.093,178273
08243000111001,1328 N BECK ST,M-1,Light Manufacturing,D,none,0,0.998,43473
08243000111002,1328 N BECK ST,M-1,Light Manufacturing,D,none,0,0.002,78
08243000200000,1514 N BECK ST,EI,Extractive Industry,UNKNOWN,none,0,23.881,1040274
08243000210000,1450 N BECK ST,EI,Extractive Industry,UNKNOWN,none,0,2.097,91328
08243000220000,1328 N BECK ST,OS,Open Space,D,none,0,19.949,868957
08243000230000,1450 N BECK ST,M-1,Light Manufacturing,D,none,0,3.97,172930
08243000240000,1398 N BECK ST,M-1,Light Manufacturing,D,none,0,7.055,307323
08244000050000,1173 N SANDHURST DR,OS,Open Space,D,none,0,199.116,8673473
08244000060000,1173 N SANDHURST DR,OS,Open Space,D,none,0,39.904,1738215
08251010020000,1335 N BECK ST,M-1,Light Manufacturing,D,none,0,1.569,68344
08251010080000,1275 N BECK ST,M-1,Light Manufacturing,D,none,0,1.884,82085
08251010130000,1217 N BECK ST,M-1,Light Manufacturing,D,none,0,0.795,34640
08251010140000,1217 N BECK ST,M-1,Light Manufacturing,D,none,0,0.903,39344
08251020050000,1340 N BECK ST,M-1,Light Manufacturing,D,none,0,4.821,210017
08251020060000,1370 N BECK ST,M-1,Light Manufacturing,D,none,0,1.5,65335
08251260020000,1234 N BECK ST,M-1,Light Manufacturing,D,none,0,0.716,31167
08251260030000,1212 N BECK ST,M-1,Light Manufacturing,D,none,0,1.068,46543
08251260040000,1212 N BECK ST,M-1,Light Manufacturing,D,none,0,0.502,21864
08251260070000,1206 N BECK ST,M-1,Light Manufacturing,D,none,0,0.411,17911
08251260110000,1206 N BECK ST,M-1,Light Manufacturing,D,none,0,4.998,217726
08251260200000,1264 N BECK ST,OS,Open Space,D,none,0,23.626,1029140
08251260210000,1180 N BECK ST # G,M-1,Light Manufacturing,D,none,0,2.536,110480
08251260220000,1204 N BECK ST,M-1,Light Manufacturing,D,none,0,1.2,52265
08251260240000,1120 N VICTORY RD,M-1,Light Manufacturing,D,none,0,5.624,244964
08251260250000,1208 N BECK ST,M-1,Light Manufacturing,D,none,0,2.247,97868
08251260260000,,M-1,Light Manufacturing,D,none,0,0.034,1460
08251260270000,1200 N BECK ST,M-1,Light Manufacturing,D,none,0,3.604,157010
08251510020000,474 W 900 N,M-2,Heavy Manufacturing,D,none,0,95.027,4139382
08251760110000,474 W 900 N,M-1,Light Manufacturing,D,none,0,0.361,15720
08251760130000,474 W 900 N,M-1,Light Manufacturing,D,none,0,0.489,21314
08251760150000,1199 N BECK ST,M-1,Light Manufacturing,D,none,0,0.242,10519
08251760190000,474 W 900 N,M-1,Light Manufacturing,D,none,0,2.268,98790
08251760200000,474 W 900 N,M-1,Light Manufacturing,D,none,0,2.974,129560
08251760220000,1207 N BECK ST,M-1,Light Manufacturing,D,none,0,0.716,31204
08251760230000,1203 N BECK ST,M-1,Light Manufacturing,D,none,0,0.028,1211
08251760250000,1207 N BECK ST,M-1,Light Manufacturing,D,none,0,0.097,4208
08251760270000,1211 N BECK ST,M-1,Light Manufacturing,D,none,0,1.048,45662
08251760280000,474 W 900 N,M-1,Light Manufacturing,D,none,0,0.012,505
08251760290000,474 W 900 N,M-1,Light Manufacturing,D,none,0,0.339,14770
08251760310000,1217 N BECK ST,M-1,Light Manufacturing,D,none,0,1.498,65266
08251760320000,1217 N BECK ST,M-1,Light Manufacturing,D,none,0,0.419,18271
08251770010000,1150 N BECK ST,MU-5,Mixed Use 5,C,townhome,5,0.348,15154
08251770050000,1060 N BECK ST,MU-5,Mixed Use 5,C,townhome,16,2.302,100278
08251770070000,840 N BECK ST,MU-5,Mixed Use 5,B,townhome,3,0.028,1205
08251770080000,1012 N BECK ST,MU-5,Mixed Use 5,C,townhome,14,1.029,44843
08252000010000,1050 N VICTORY RD,OS,Open Space,D,none,0,18.704,814763
08252000020000,1173 N SANDHURST DR,OS,Open Space,D,none,0,38.041,1657074
08252000031001,1173 N SANDHURST DR,OS,Open Space,D,none,0,1.022,44499
08252000031002,1173 N SANDHURST DR,OS,Open Space,D,none,0,0.002,78
08252000051001,1175 N SANDHURST DR,OS,Open Space,D,none,0,8.834,384826
08252000051002,1175 N SANDHURST DR,OS,Open Space,D,none,0,0.002,78
08252000051003,1175 N SANDHURST DR,OS,Open Space,D,none,0,0.002,78
08252000080000,1020 N VICTORY RD,EI,Extractive Industry,UNKNOWN,none,0,29.895,1302222
08252000100000,1000 N VICTORY RD,OS,Open Space,D,none,0,21.108,919466
08252760010000,977 N CHURCH HILL DR,FR-3,FR-3/12000 Foothills Estates Residential,UNKNOWN,none,0,0.592,25796
08252760020000,7 E CHURCH HILL DR,FR-3,FR-3/12000 Foothills Estates Residential,UNKNOWN,none,0,0.616,26841
08252760030000,11 E CHURCH HILL DR,FR-3,FR-3/12000 Foothills Estates Residential,UNKNOWN,none,0,0.545,23745
08252760040000,15 E CHURCH HILL DR,FR-3,FR-3/12000 Foothills Estates Residential,UNKNOWN,none,0,0.413,17984
08252760050000,19 E CHURCH HILL DR,FR-3,FR-3/12000 Foothills Estates Residential,UNKNOWN,none,0,0.415,18091
08252760060000,982 N SANDHURST DR,FR-2,FR-2/21780 Foothills Estates Residential,UNKNOWN,none,0,4.597,200235
08252770010000,976 N CHURCH HILL DR,FR-3,FR-3/12000 Foothills Estates Residential,UNKNOWN,none,0,0.535,23297
08252770020000,16 E CHURCH HILL DR,FR-3,FR-3/12000 Foothills Estates Residential,UNKNOWN,none,0,0.385,16752
08252770030000,22 E CHURCH HILL DR,FR-3,FR-3/12000 Foothills Estates Residential,UNKNOWN,none,0,0.52,22650
08252780010000,943 N SANDHURST DR,FR-2,FR-2/21780 Foothills Estates Residential,UNKNOWN,none,0,9.598,418107
08252780020000,1159 N TWICKENHAM DR,FR-2,FR-2/21780 Foothills Estates Residential,UNKNOWN,none,0,0.911,39673
08252780030000,1149 N TWICKENHAM DR,FR-2,FR-2/21780 Foothills Estates Residential,UNKNOWN,none,0,0.479,20846
08252780040000,1135 N TWICKENHAM DR,FR-2,FR-2/21780 Foothills Estates Residential,UNKNOWN,none,0,0.575,25034
08252780050000,1121 N TWICKENHAM DR,FR-2,FR-2/21780 Foothills Estates Residential,UNKNOWN,none,0,0.582,25338
08252780060000,1107 N TWICKENHAM DR,FR-2,FR-2/21780 Foothills Estates Residential,UNKNOWN,none,0,0.709,30870
08252780070000,60 W CRAGS CT,FR-2,FR-2/21780 Foothills Estates Residential,UNKNOWN,none,0,0.483,21024
08252780080000,1093 N TWICKENHAM DR,FR-2,FR-2/21780 Foothills Estates Residential,UNKNOWN,none,0,0.369,16066
08252780090000,63 W CRAGS CT,FR-2,FR-2/21780 Foothills Estates Residential,UNKNOWN,none,0,0.916,39897
08252780100000,53 W CRAGS CT,FR-2,FR-2/21780 Foothills Estates Residential,UNKNOWN,none,0,0.893,38888
08252780110000,1063 N TWICKENHAM DR,FR-2,FR-2/21780 Foothills Estates Residential,UNKNOWN,none,0,0.598,26038
08252780130000,1160 N TWICKENHAM DR,FR-2,FR-2/21780 Foothills Estates Residential,UNKNOWN,none,0,0.939,40913
08252780140000,1144 N TWICKENHAM DR,FR-2,FR-2/21780 Foothills Estates Residential,UNKNOWN,none,0,0.517,22527
08252780150000,1130 N TWICKENHAM DR,FR-2,FR-2/21780 Foothills Estates Residential,UNKNOWN,none,0,0.509,22159
08252780160000,1116 N TWICKENHAM DR,FR-2,FR-2/21780 Foothills Estates Residential,UNKNOWN,none,0,0.565,24602
08252780170000,1102 N TWICKENHAM DR,FR-2,FR-2/21780 Foothills Estates Residential,UNKNOWN,none,0,0.592,25802
08252780180000,1076 N TWICKENHAM DR,FR-2,FR-2/21780 Foothills Estates Residential,UNKNOWN,none,0,0.571,24889
08252780190000,982 N SANDHURST DR,FR-2,FR-2/21780 Foothills Estates Residential,UNKNOWN,none,0,1.509,65737
08252780200000,1058 N SANDHURST DR,FR-2,FR-2/21780 Foothills Estates Residential,UNKNOWN,none,0,0.216,9422
08253260020000,474 W 900 N,M-2,Heavy Manufacturing,D,none,0,0.079,3445
08253260030000,474 W 900 N,M-1,Light Manufacturing,D,none,0,0.397,17283
08253260150000,1005 N BECK ST,M-1,Light Manufacturing,D,none,0,0.286,12477
08253260180000,499 W 900 N,M-2,Heavy Manufacturing,D,none,0,20.019,872044
08253260190000,474 W 900 N,M-1,Light Manufacturing,D,none,0,5.931,258345
08253260200000,965 N BECK ST,M-1,Light Manufacturing,D,none,0,2.614,113882
08253260210000,474 W 900 N,M-2,Heavy Manufacturing,D,none,0,0.089,3871
08253260220000,499 W 900 N,M-2,Heavy Manufacturing,D,none,0,0.299,13012
08253270110000,364 W 900 N,BP,Business Park,B,townhome,3,0.266,11583
08253270120000,364 W 900 N,BP,Business Park,B,townhome,3,0.228,9949
08253270200000,925 N BECK ST,BP,Business Park,B,townhome,3,0.167,7292
08253270220000,935 N BECK ST,BP,Business Park,B,townhome,3,0.274,11934
08253270230000,925 N BECK ST,BP,Business Park,B,townhome,3,0.229,9954
08253270240000,925 N BECK ST,BP,Business Park,B,townhome,3,0.072,3136
08253270250000,925 N BECK ST,BP,Business Park,B,townhome,3,0.132,5736
08253270260000,899 N BECK ST,BP,Business Park,C,townhome,9,0.685,29855
08253280010000,425 W 900 N,M-1,Light Manufacturing,D,none,0,8.027,349667
08253280020000,851 N 400 W,M-1,Light Manufacturing,D,none,0,0.125,5437
08253280030000,480 W 800 N,M-1,Light Manufacturing,D,none,0,2.007,87422
08253280050000,899 N 400 W,M-1,Light Manufacturing,D,none,0,0.091,3959
08253290060000,825 N 300 W,BP,Business Park,C,townhome,16,3.413,148649
08253290070000,350 W 800 N # 320,BP,Business Park,C,townhome,13,0.957,41679
08253290080000,367 W 900 N,MU-11,Mixed Use 11,C,townhome,16,2.319,101006
08253300010000,370 W 800 N # 1,MU-5,Mixed Use 5,B,townhome,3,0.01,439
08253300020000,370 W 800 N # 2,MU-5,Mixed Use 5,B,townhome,3,0.01,439
08253300030000,370 W 800 N # 3,MU-5,Mixed Use 5,B,townhome,3,0.01,429
08253300040000,370 W 800 N # 4,MU-5,Mixed Use 5,B,townhome,3,0.01,429
08253300050000,370 W 800 N # 5,MU-5,Mixed Use 5,B,townhome,3,0.01,439
08253300060000,370 W 800 N # 6,MU-5,Mixed Use 5,B,townhome,3,0.01,439
08253300070000,370 W 800 N # 7,MU-5,Mixed Use 5,B,townhome,3,0.01,439
08253300080000,370 W 800 N # 8,MU-5,Mixed Use 5,B,townhome,3,0.01,439
08253300090000,370 W 800 N # 9,MU-5,Mixed Use 5,B,townhome,3,0.01,429
08253300100000,370 W 800 N # 10,MU-5,Mixed Use 5,B,townhome,3,0.01,429
08253300110000,370 W 800 N # 11,MU-5,Mixed Use 5,B,townhome,3,0.01,439
08253300120000,370 W 800 N # 12,MU-5,Mixed Use 5,B,townhome,3,0.01,439
08253300130000,370 W 800 N,MU-5,Mixed Use 5,C,townhome,9,0.633,27561
08253510410000,820 N WARM SPRINGS RD,M-1,Light Manufacturing,D,none,0,1.02,44441
08253510430000,780 N WARM SPRINGS RD,M-1,Light Manufacturing,D,none,0,6.371,277534
08253510440000,750 N WARM SPRINGS RD,M-1,Light Manufacturing,D,none,0,18.515,806492
08253760140000,741 N 400 W,M-1,Light Manufacturing,D,none,0,1.213,52831
08253760190000,727 N 400 W,M-1,Light Manufacturing,D,none,0,0.72,31358
08253760220000,457 W 800 N,M-1,Light Manufacturing,D,none,0,0.173,7555
08253760230000,461 W 800 N,M-1,Light Manufacturing,D,none,0,1.828,79612
08253760250000,755 N 400 W,M-1,Light Manufacturing,D,none,0,0.741,32257
08253760260000,425 W 800 N,M-1,Light Manufacturing,D,none,0,1.26,54899
08253760270000,691 N 400 W # B,M-1,Light Manufacturing,D,none,0,2.319,101031
08253760280000,795 N 400 W,MU-5,Mixed Use 5,C,townhome,5,0.41,17853
08253760300000,765 N 400 W # COM,MU-5,Mixed Use 5,C,townhome,12,0.841,36644
08253760310000,765 N 400 W,MU-5,Mixed Use 5,B,townhome,3,0.015,657
08253760320000,765 N 400 W # 102,MU-5,Mixed Use 5,B,townhome,3,0.015,657
08253760330000,765 N 400 W # 103,MU-5,Mixed Use 5,B,townhome,3,0.015,657
08253760340000,765 N 400 W # 104,MU-5,Mixed Use 5,B,townhome,3,0.015,657
08253760350000,765 N 400 W # 105,MU-5,Mixed Use 5,B,townhome,3,0.015,657
08253760360000,765 N 400 W # 106,MU-5,Mixed Use 5,B,townhome,3,0.015,657
08253760370000,765 N 400 W # 107,MU-5,Mixed Use 5,B,townhome,3,0.015,657
08253760380000,765 N 400 W # 201,MU-5,Mixed Use 5,B,townhome,3,0.015,657
08253760390000,765 N 400 W # 202,MU-5,Mixed Use 5,B,townhome,3,0.015,657
08253760400000,765 N 400 W # 203,MU-5,Mixed Use 5,B,townhome,3,0.015,656
08253760410000,765 N 400 W # 204,MU-5,Mixed Use 5,B,townhome,3,0.015,657
08253760420000,765 N 400 W # 205,MU-5,Mixed Use 5,B,townhome,3,0.015,657
08253760430000,765 N 400 W # 206,MU-5,Mixed Use 5,B,townhome,3,0.015,657
08253760440000,765 N 400 W # 207,MU-5,Mixed Use 5,B,townhome,3,0.015,657
08253760450000,765 N 400 W # 301,MU-5,Mixed Use 5,B,townhome,3,0.015,657
08253760460000,765 N 400 W # 302,MU-5,Mixed Use 5,B,townhome,3,0.015,657
08253760470000,765 N 400 W # 303,MU-5,Mixed Use 5,B,townhome,3,0.015,657
08253760480000,765 N 400 W # 304,MU-5,Mixed Use 5,B,townhome,3,0.015,657
08253760490000,765 N 400 W # 305,MU-5,Mixed Use 5,B,townhome,3,0.015,657
08253760500000,765 N 400 W # 306,MU-5,Mixed Use 5,B,townhome,3,0.015,657
08253760510000,765 N 400 W # 307,MU-5,Mixed Use 5,B,townhome,3,0.015,657
08253760520000,765 N 400 W # 401,MU-5,Mixed Use 5,B,townhome,3,0.015,657
08253760530000,765 N 400 W # 402,MU-5,Mixed Use 5,B,townhome,3,0.015,657
08253760540000,765 N 400 W # 403,MU-5,Mixed Use 5,B,townhome,3,0.015,657
08253760550000,765 N 400 W # 404,MU-5,Mixed Use 5,B,townhome,3,0.015,657
08253760560000,765 N 400 W # 405,MU-5,Mixed Use 5,B,townhome,3,0.015,657
08253760570000,765 N 400 W # 406,MU-5,Mixed Use 5,B,townhome,3,0.015,657
08253760580000,765 N 400 W # 407,MU-5,Mixed Use 5,B,townhome,3,0.015,657
08253760600000,617 N 500 W,M-2,Heavy Manufacturing,D,none,0,0.433,18857
08253760610000,798 N 500 W,M-1,Light Manufacturing,D,none,0,6.72,292740
08253770010000,377 W 800 N,MU-5,Mixed Use 5,B,townhome,3,0.188,8174
08253770020000,367 W 800 N,MU-5,Mixed Use 5,B,townhome,3,0.188,8174
08253770070000,335 W 800 N,MU-5,Mixed Use 5,B,townhome,3,0.126,5491
08253770110000,352 W REED AVE,MU-5,Mixed Use 5,B,townhome,3,0.134,5824
08253770120000,348 W REED AVE,MU-5,Mixed Use 5,B,townhome,3,0.134,5823
08253770150000,356 W REED AVE,MU-5,Mixed Use 5,C,townhome,9,0.635,27648
08253770160000,777 N MARMALADE LN,MU-5,Mixed Use 5,B,townhome,3,0.025,1080
08253770170000,775 N MARMALADE LN,MU-5,Mixed Use 5,B,townhome,3,0.025,1070
08253770180000,773 N MARMALADE LN,MU-5,Mixed Use 5,B,townhome,3,0.025,1079
08253770190000,763 N MARMALADE LN,MU-5,Mixed Use 5,B,townhome,3,0.025,1100
08253770200000,765 N MARMALADE LN,MU-5,Mixed Use 5,B,townhome,3,0.025,1090
08253770210000,767 N MARMALADE LN,MU-5,Mixed Use 5,B,townhome,3,0.025,1090
08253770220000,769 N MARMALADE LN,MU-5,Mixed Use 5,B,townhome,3,0.025,1090
08253770230000,771 N MARMALADE LN,MU-5,Mixed Use 5,B,townhome,3,0.025,1100
08253770240000,344 W REED AVE,MU-5,Mixed Use 5,B,townhome,3,0.025,1084
08253770250000,342 W REED AVE,MU-5,Mixed Use 5,B,townhome,3,0.025,1083
08253770260000,340 W REED AVE,MU-5,Mixed Use 5,B,townhome,3,0.025,1090
08253770270000,338 W REED AVE,MU-5,Mixed Use 5,B,townhome,3,0.025,1090
08253770280000,336 W REED AVE,MU-5,Mixed Use 5,B,townhome,3,0.025,1108
08253770290000,365 W 800 N,MU-5,Mixed Use 5,B,townhome,3,0.027,1174
08253770300000,365 W 800 N # 2,MU-5,Mixed Use 5,B,townhome,3,0.018,763
08253770310000,365 W 800 N # 3,MU-5,Mixed Use 5,B,townhome,3,0.018,763
08253770320000,365 W 800 N # 4,MU-5,Mixed Use 5,B,townhome,3,0.018,763
08253770330000,365 W 800 N # 5,MU-5,Mixed Use 5,B,townhome,3,0.018,763
08253770340000,365 W 800 N # 6,MU-5,Mixed Use 5,B,townhome,3,0.018,763
08253770350000,365 W 800 N # 7,MU-5,Mixed Use 5,B,townhome,3,0.019,840
08253770360000,365 W 800 N # 8,MU-5,Mixed Use 5,B,townhome,3,0.027,1177
08253770370000,365 W 800 N # 9,MU-5,Mixed Use 5,B,townhome,3,0.018,763
08253770380000,365 W 800 N # 10,MU-5,Mixed Use 5,B,townhome,3,0.018,763
08253770390000,365 W 800 N # 11,MU-5,Mixed Use 5,B,townhome,3,0.018,763
08253770400000,365 W 800 N # 12,MU-5,Mixed Use 5,B,townhome,3,0.018,763
08253770410000,365 W 800 N # 13,MU-5,Mixed Use 5,B,townhome,3,0.018,763
08253770420000,365 W 800 N # 14,MU-5,Mixed Use 5,B,townhome,3,0.019,840
08253770430000,365 W 800 N # COM,MU-5,Mixed Use 5,B,townhome,3,0.17,7391
08253780010000,732 N 400 W,MU-5,Mixed Use 5,B,townhome,3,0.132,5754
08253780020000,365 W REED AVE,MU-5,Mixed Use 5,B,townhome,3,0.243,10591
08253780060000,345 W REED AVE,MU-5,Mixed Use 5,B,townhome,3,0.088,3828
08253780070000,341 W REED AVE,MU-5,Mixed Use 5,B,townhome,3,0.113,4912
08253780080000,339 W REED AVE,MU-5,Mixed Use 5,B,townhome,3,0.099,4327
08253780090000,720 N 400 W,MU-5,Mixed Use 5,B,townhome,3,0.097,4240
08253780110000,374 W 700 N,MU-5,Mixed Use 5,B,townhome,3,0.007,286
08253780120000,372 W 700 N,MU-5,Mixed Use 5,B,townhome,3,0.122,5300
08253780130000,360 W 700 N,MU-5,Mixed Use 5,B,townhome,3,0.125,5454
08253780140000,358 W 700 N,MU-5,Mixed Use 5,B,townhome,3,0.106,4597
08253780150000,350 W 700 N,MU-5,Mixed Use 5,B,townhome,3,0.165,7192
08253780160000,348 W 700 N,MU-5,Mixed Use 5,B,townhome,3,0.124,5402
08253780170000,344 W 700 N,MU-5,Mixed Use 5,B,townhome,3,0.124,5408
08253780200000,342 W 700 N,MU-5,Mixed Use 5,B,townhome,3,0.003,125
08253780220000,357 W REED AVE,MU-5,Mixed Use 5,B,townhome,3,0.124,5404
08253780230000,353 W REED AVE,MU-5,Mixed Use 5,B,townhome,3,0.125,5441
08253780240000,716 N 400 W,MU-5,Mixed Use 5,B,townhome,3,0.092,4012
08253780250000,376 W 700 N,MU-5,Mixed Use 5,B,townhome,3,0.139,6074
08253780260000,338 W 700 N,MU-5,Mixed Use 5,B,townhome,3,0.032,1402
08253780270000,336 W 700 N,MU-5,Mixed Use 5,B,townhome,3,0.181,7867
08253780280000,340 W 700 N,MU-5,Mixed Use 5,B,townhome,3,0.049,2146
08253780290000,340 W 700 N,MU-5,Mixed Use 5,B,townhome,3,0.032,1393
08253780300000,365 W REED AVE,MU-5,Mixed Use 5,B,townhome,3,0.001,48
08253780310000,732 N 400 W,MU-5,Mixed Use 5,B,townhome,3,0.001,26
08253780320000,720 N 400 W,MU-5,Mixed Use 5,B,townhome,3,0.002,86
08253780330000,319 W REED AVE,MU-5,Mixed Use 5,B,townhome,3,0.21,9167
08253780340000,361 W REED AVE,MU-5,Mixed Use 5,B,townhome,3,0.113,4901
08253780350000,361 W REED AVE # 100,MU-5,Mixed Use 5,B,townhome,3,0.013,584
08253780360000,361 W REED AVE # 101,MU-5,Mixed Use 5,B,townhome,3,0.013,561
08253780370000,361 W REED AVE # 102,MU-5,Mixed Use 5,B,townhome,3,0.013,561
08253780380000,361 W REED AVE # 103,MU-5,Mixed Use 5,B,townhome,3,0.013,584
08253790010000,377 W 700 N,MU-5,Mixed Use 5,B,townhome,3,0.083,3632
08253790020000,375 W 700 N,MU-5,Mixed Use 5,B,townhome,3,0.083,3630
08253790030000,367 W 700 N,MU-5,Mixed Use 5,B,townhome,3,0.083,3629
08253790040000,363 W 700 N,MU-5,Mixed Use 5,B,townhome,3,0.081,3549
08253790050000,353 W 700 N,MU-5,Mixed Use 5,B,townhome,3,0.059,2552
08253790060000,353 W 700 N,MU-5,Mixed Use 5,B,townhome,3,0.052,2276
08253790070000,349 W 700 N,MU-5,Mixed Use 5,B,townhome,3,0.06,2622
08253790080000,671 N PUGSLEY ST,MU-5,Mixed Use 5,B,townhome,3,0.224,9775
08253790090000,664 N 400 W,MU-5,Mixed Use 5,C,townhome,5,0.379,16515
08253790100000,663 N PUGSLEY ST,MU-5,Mixed Use 5,B,townhome,3,0.056,2446
08253800010000,351 W 800 N,MU-5,Mixed Use 5,C,townhome,6,0.438,19087
08253800020000,351 W 800 N # 1,MU-5,Mixed Use 5,B,townhome,3,0.013,580
08253800030000,351 W 800 N # 2,MU-5,Mixed Use 5,B,townhome,3,0.015,645
08253800040000,351 W 800 N # 3,MU-5,Mixed Use 5,B,townhome,3,0.015,645
08253800050000,351 W 800 N # 4,MU-5,Mixed Use 5,B,townhome,3,0.015,645
08253800060000,351 W 800 N # 5,MU-5,Mixed Use 5,B,townhome,3,0.015,645
08253800070000,351 W 800 N # 6,MU-5,Mixed Use 5,B,townhome,3,0.013,572
08253800080000,351 W 800 N # 7,MU-5,Mixed Use 5,B,townhome,3,0.013,570
08253800090000,351 W 800 N # 14,MU-5,Mixed Use 5,B,townhome,3,0.013,580
08253800100000,351 W 800 N # 13,MU-5,Mixed Use 5,B,townhome,3,0.015,645
08253800110000,351 W 800 N # 12,MU-5,Mixed Use 5,B,townhome,3,0.015,645
08253800120000,351 W 800 N # 11,MU-5,Mixed Use 5,B,townhome,3,0.015,645
08253800130000,351 W 800 N # 10,MU-5,Mixed Use 5,B,townhome,3,0.015,645
08253800140000,351 W 800 N # 9,MU-5,Mixed Use 5,B,townhome,3,0.013,571
08253800150000,351 W 800 N # 8,MU-5,Mixed Use 5,B,townhome,3,0.013,570
08254020050000,855 N BECK ST,BP,Business Park,C,townhome,8,0.581,25329
08254020060000,367 W 900 N,BP,Business Park,B,townhome,3,0.183,7953
08254020070000,875 N BECK ST,BP,Business Park,C,townhome,16,1.283,55869
08254030010000,840 N BECK ST,OS,Open Space,D,none,0,22.839,994846
08254040010000,,OS,Open Space,D,none,0,23.028,1003117
08254260010000,7 E DORCHESTER DR,FR-3,FR-3/12000 Foothills Estates Residential,UNKNOWN,none,0,0.304,13262
08254260030000,21 E DORCHESTER DR,FR-3,FR-3/12000 Foothills Estates Residential,UNKNOWN,none,0,0.289,12610
08254260040000,23 E DORCHESTER DR,FR-3,FR-3/12000 Foothills Estates Residential,UNKNOWN,none,0,0.003,141
08254260050000,973 N CHURCH HILL DR,FR-3,FR-3/12000 Foothills Estates Residential,UNKNOWN,none,0,0.671,29218
08254260060000,969 N CHURCH HILL DR,FR-3,FR-3/12000 Foothills Estates Residential,UNKNOWN,none,0,1.212,52791
08254260070000,972 N CHURCH HILL DR,FR-3,FR-3/12000 Foothills Estates Residential,UNKNOWN,none,0,0.643,27989
08254260080000,959 N DARTMOOR WAY,FR-3,FR-3/12000 Foothills Estates Residential,UNKNOWN,none,0,0.658,28654
08254260090000,9 E DARTMOOR LN,FR-3,FR-3/12000 Foothills Estates Residential,UNKNOWN,none,0,0.692,30152
08254260100000,17 E DARTMOOR LN,FR-3,FR-3/12000 Foothills Estates Residential,UNKNOWN,none,0,0.705,30722
08254260110000,945 N DARTMOOR WAY,FR-3,FR-3/12000 Foothills Estates Residential,UNKNOWN,none,0,0.591,25749
08254260120000,4 E DARTMOOR LN,FR-3,FR-3/12000 Foothills Estates Residential,UNKNOWN,none,0,0.573,24952
08254260130000,20 E DARTMOOR LN,FR-3,FR-3/12000 Foothills Estates Residential,UNKNOWN,none,0,0.608,26478
08254260140000,26 E DARTMOOR LN,FR-3,FR-3/12000 Foothills Estates Residential,UNKNOWN,none,0,0.386,16815
